{"stats":{"minecraft:killed":{"minecraft:pig":1},"minecraft:picked_up":{"minecraft:wheat_seeds":2,"minecraft:porkchop":1,"minecraft:dirt":2,"minecraft:ender_pearl":1},"minecraft:custom":{"minecraft:time_since_rest":683,"minecraft:interact_with_smithing_table":1,"minecraft:crouch_one_cm":32,"minecraft:sprint_one_cm":27230,"minecraft:play_time":11441,"minecraft:damage_taken":20,"minecraft:walk_one_cm":7430,"minecraft:sneak_time":50,"minecraft:mob_kills":1,"minecraft:jump":195,"minecraft:interact_with_stonecutter":1,"minecraft:damage_dealt":160,"minecraft:leave_game":2,"minecraft:time_since_death":11441,"minecraft:sleep_in_bed":2,"minecraft:total_world_time":11441,"minecraft:fall_one_cm":6748,"minecraft:fly_one_cm":153862,"minecraft:horse_one_cm":3053},"minecraft:mined":{"minecraft:grass":42,"minecraft:grass_block":2,"minecraft:tall_grass":4}},"DataVersion":2975}