{"stats":{"minecraft:custom":{"minecraft:time_since_rest":10937,"minecraft:sprint_one_cm":98187,"minecraft:damage_taken":480,"minecraft:walk_one_cm":51287,"minecraft:mob_kills":6,"minecraft:damage_dealt":1298,"minecraft:swim_one_cm":718,"minecraft:interact_with_crafting_table":10,"minecraft:fly_one_cm":64094,"minecraft:crouch_one_cm":5255,"minecraft:play_time":27945,"minecraft:deaths":2,"minecraft:sneak_time":1767,"minecraft:walk_under_water_one_cm":133,"minecraft:jump":366,"minecraft:leave_game":1,"minecraft:walk_on_water_one_cm":1365,"minecraft:time_since_death":10907,"minecraft:total_world_time":27945,"minecraft:fall_one_cm":10611},"minecraft:used":{"minecraft:stone_pickaxe":49,"minecraft:wooden_pickaxe":4,"minecraft:rotten_flesh":2,"minecraft:stone_axe":48,"minecraft:dirt":33,"minecraft:crafting_table":1},"minecraft:mined":{"minecraft:spruce_log":6,"minecraft:grass":23,"minecraft:coal_ore":14,"minecraft:grass_block":1,"minecraft:oak_log":12,"minecraft:dirt":35,"minecraft:stone":21,"minecraft:sugar_cane":8,"minecraft:oak_leaves":1},"minecraft:killed":{"minecraft:skeleton":2,"minecraft:zombie":3,"minecraft:spider":1},"minecraft:crafted":{"minecraft:oak_planks":48,"minecraft:crafting_table":1,"minecraft:spruce_planks":24,"minecraft:stick":8,"minecraft:wooden_pickaxe":1,"minecraft:stone_pickaxe":1,"minecraft:stone_axe":1},"minecraft:picked_up":{"minecraft:stick":7,"minecraft:wooden_pickaxe":2,"minecraft:oak_log":12,"minecraft:spruce_sapling":3,"minecraft:spruce_log":6,"minecraft:string":2,"minecraft:dirt":38,"minecraft:arrow":4,"minecraft:bone":6,"minecraft:rotten_flesh":3,"minecraft:stone_axe":2,"minecraft:wheat_seeds":1,"minecraft:spruce_planks":26,"minecraft:stone_pickaxe":2,"minecraft:oak_sapling":5,"minecraft:sugar_cane":28,"minecraft:oak_planks":96,"minecraft:coal":39,"minecraft:cobblestone":51}},"DataVersion":2975}