{"stats":{"minecraft:custom":{"minecraft:time_since_rest":23352,"minecraft:sprint_one_cm":141079,"minecraft:damage_taken":490,"minecraft:walk_one_cm":65156,"minecraft:mob_kills":6,"minecraft:damage_dealt":1388,"minecraft:swim_one_cm":1460,"minecraft:interact_with_crafting_table":10,"minecraft:fly_one_cm":81530,"minecraft:play_time":40360,"minecraft:crouch_one_cm":8660,"minecraft:deaths":2,"minecraft:sneak_time":3001,"minecraft:walk_under_water_one_cm":1357,"minecraft:jump":522,"minecraft:leave_game":3,"minecraft:time_since_death":23322,"minecraft:walk_on_water_one_cm":1773,"minecraft:total_world_time":40360,"minecraft:fall_one_cm":10820},"minecraft:used":{"minecraft:stone_pickaxe":82,"minecraft:wooden_pickaxe":4,"minecraft:rotten_flesh":3,"minecraft:stone_axe":64,"minecraft:dirt":65,"minecraft:crafting_table":1},"minecraft:mined":{"minecraft:spruce_log":6,"minecraft:andesite":4,"minecraft:crafting_table":1,"minecraft:grass":41,"minecraft:oak_log":16,"minecraft:grass_block":8,"minecraft:coal_ore":14,"minecraft:dirt":81,"minecraft:stone":34,"minecraft:sugar_cane":8,"minecraft:oak_leaves":4},"minecraft:killed":{"minecraft:skeleton":2,"minecraft:zombie":3,"minecraft:spider":1},"minecraft:crafted":{"minecraft:oak_planks":48,"minecraft:crafting_table":1,"minecraft:spruce_planks":24,"minecraft:stick":8,"minecraft:wooden_pickaxe":1,"minecraft:stone_pickaxe":1,"minecraft:stone_axe":1},"minecraft:picked_up":{"minecraft:crafting_table":1,"minecraft:stick":7,"minecraft:andesite":4,"minecraft:wooden_pickaxe":2,"minecraft:oak_log":16,"minecraft:spruce_sapling":3,"minecraft:spruce_log":6,"minecraft:dirt":89,"minecraft:string":2,"minecraft:arrow":4,"minecraft:bone":6,"minecraft:rotten_flesh":3,"minecraft:stone_axe":2,"minecraft:wheat_seeds":4,"minecraft:spruce_planks":26,"minecraft:stone_pickaxe":2,"minecraft:oak_sapling":5,"minecraft:sugar_cane":28,"minecraft:oak_planks":96,"minecraft:coal":39,"minecraft:cobblestone":64}},"DataVersion":2975}