{"stats":{"minecraft:dropped":{"minecraft:crafting_table":1,"minecraft:cooked_porkchop":6},"minecraft:custom":{"minecraft:interact_with_furnace":14,"minecraft:mob_kills":26,"minecraft:interact_with_crafting_table":15,"minecraft:leave_game":3,"minecraft:time_since_death":10035,"minecraft:time_since_rest":10066,"minecraft:sprint_one_cm":207771,"minecraft:damage_taken":1130,"minecraft:walk_one_cm":106587,"minecraft:drop":2,"minecraft:damage_dealt":4153,"minecraft:swim_one_cm":6391,"minecraft:fly_one_cm":122349,"minecraft:crouch_one_cm":9959,"minecraft:play_time":52360,"minecraft:deaths":3,"minecraft:sneak_time":3442,"minecraft:walk_under_water_one_cm":1538,"minecraft:jump":730,"minecraft:walk_on_water_one_cm":2965,"minecraft:total_world_time":52360,"minecraft:fall_one_cm":14615},"minecraft:used":{"minecraft:wheat_seeds":4,"minecraft:stone_sword":60,"minecraft:stone_pickaxe":83,"minecraft:spruce_planks":2,"minecraft:wooden_pickaxe":4,"minecraft:sugar_cane":7,"minecraft:stone_hoe":1,"minecraft:rotten_flesh":5,"minecraft:dirt":65,"minecraft:crafting_table":3,"minecraft:stone_axe":76,"minecraft:fishing_rod":2,"minecraft:bow":3,"minecraft:furnace":1,"minecraft:cooked_porkchop":5,"minecraft:bone_meal":6},"minecraft:killed_by":{"minecraft:skeleton":1},"minecraft:mined":{"minecraft:crafting_table":2,"minecraft:grass_block":9,"minecraft:sugar_cane":9,"minecraft:furnace":1,"minecraft:wheat":3,"minecraft:spruce_log":6,"minecraft:andesite":4,"minecraft:grass":46,"minecraft:coal_ore":14,"minecraft:oak_log":16,"minecraft:dirt":81,"minecraft:stone":34,"minecraft:oak_leaves":4},"minecraft:killed":{"minecraft:pig":9,"minecraft:zombie_villager":1,"minecraft:spider":3,"minecraft:creeper":2,"minecraft:skeleton":4,"minecraft:zombie":7},"minecraft:crafted":{"minecraft:oak_planks":48,"minecraft:fishing_rod":1,"minecraft:cooked_porkchop":18,"minecraft:crafting_table":2,"minecraft:spruce_planks":24,"minecraft:wooden_pickaxe":1,"minecraft:furnace":1,"minecraft:bone_meal":9,"minecraft:stone_axe":1,"minecraft:air":0,"minecraft:stick":12,"minecraft:stone_pickaxe":1,"minecraft:stone_sword":1,"minecraft:stone_hoe":1},"minecraft:picked_up":{"minecraft:crafting_table":3,"minecraft:wheat":6,"minecraft:andesite":8,"minecraft:wooden_pickaxe":3,"minecraft:oak_log":20,"minecraft:string":4,"minecraft:dirt":111,"minecraft:bone":9,"minecraft:bow":1,"minecraft:wheat_seeds":18,"minecraft:spruce_planks":39,"minecraft:stone_pickaxe":3,"minecraft:sugar_cane":37,"minecraft:oak_planks":144,"minecraft:stone_hoe":1,"minecraft:furnace":1,"minecraft:stick":8,"minecraft:porkchop":18,"minecraft:spruce_sapling":4,"minecraft:spruce_log":6,"minecraft:spider_eye":1,"minecraft:arrow":8,"minecraft:rotten_flesh":7,"minecraft:stone_axe":3,"minecraft:bone_meal":3,"minecraft:oak_sapling":10,"minecraft:coal":61,"minecraft:cobblestone":90}},"DataVersion":2975}