{"stats":{"minecraft:dropped":{"minecraft:crafting_table":1,"minecraft:cooked_porkchop":6,"minecraft:wheat":2,"minecraft:golden_axe":1,"minecraft:dirt":10},"minecraft:custom":{"minecraft:interact_with_furnace":14,"minecraft:mob_kills":38,"minecraft:interact_with_crafting_table":16,"minecraft:open_barrel":1,"minecraft:leave_game":3,"minecraft:time_since_death":34035,"minecraft:sleep_in_bed":2,"minecraft:time_since_rest":10174,"minecraft:sprint_one_cm":327915,"minecraft:damage_taken":1860,"minecraft:walk_one_cm":145095,"minecraft:drop":6,"minecraft:damage_dealt":5680,"minecraft:swim_one_cm":11930,"minecraft:fly_one_cm":296536,"minecraft:open_chest":4,"minecraft:crouch_one_cm":17494,"minecraft:play_time":76360,"minecraft:deaths":3,"minecraft:sneak_time":5836,"minecraft:walk_under_water_one_cm":1967,"minecraft:jump":1550,"minecraft:walk_on_water_one_cm":5579,"minecraft:total_world_time":76360,"minecraft:fall_one_cm":43936},"minecraft:used":{"minecraft:wheat_seeds":4,"minecraft:stone_sword":107,"minecraft:stone_pickaxe":122,"minecraft:spruce_planks":2,"minecraft:wooden_pickaxe":4,"minecraft:sugar_cane":7,"minecraft:stone_hoe":27,"minecraft:rotten_flesh":5,"minecraft:torch":17,"minecraft:dirt":78,"minecraft:crafting_table":4,"minecraft:bread":18,"minecraft:stone_axe":76,"minecraft:fishing_rod":2,"minecraft:cobblestone":32,"minecraft:bow":3,"minecraft:hay_block":5,"minecraft:furnace":1,"minecraft:cooked_porkchop":5,"minecraft:golden_axe":1,"minecraft:bone_meal":6},"minecraft:killed_by":{"minecraft:skeleton":1},"minecraft:mined":{"minecraft:dandelion":1,"minecraft:crafting_table":2,"minecraft:torch":3,"minecraft:grass_block":10,"minecraft:chest":1,"minecraft:tall_grass":2,"minecraft:sugar_cane":9,"minecraft:wall_torch":4,"minecraft:hay_block":25,"minecraft:furnace":1,"minecraft:iron_ore":20,"minecraft:wheat":3,"minecraft:spruce_log":6,"minecraft:andesite":4,"minecraft:grass":53,"minecraft:coal_ore":14,"minecraft:oak_log":16,"minecraft:dirt":81,"minecraft:stone":51,"minecraft:oak_leaves":4},"minecraft:killed":{"minecraft:pig":12,"minecraft:zombie_villager":1,"minecraft:spider":3,"minecraft:creeper":2,"minecraft:sheep":2,"minecraft:skeleton":6,"minecraft:zombie":9,"minecraft:cow":2},"minecraft:crafted":{"minecraft:oak_planks":64,"minecraft:fishing_rod":1,"minecraft:cooked_porkchop":18,"minecraft:crafting_table":2,"minecraft:spruce_planks":24,"minecraft:wooden_pickaxe":1,"minecraft:furnace":1,"minecraft:bone_meal":9,"minecraft:stone_axe":1,"minecraft:bread":27,"minecraft:air":0,"minecraft:stick":20,"minecraft:stone_pickaxe":1,"minecraft:stone_sword":1,"minecraft:torch":32,"minecraft:stone_hoe":1,"minecraft:wheat":144},"minecraft:picked_up":{"minecraft:crafting_table":3,"minecraft:wheat":6,"minecraft:andesite":8,"minecraft:leather":2,"minecraft:brown_wool":1,"minecraft:wooden_pickaxe":3,"minecraft:flint":5,"minecraft:oak_log":20,"minecraft:string":4,"minecraft:dirt":112,"minecraft:bone":13,"minecraft:bow":1,"minecraft:wheat_seeds":19,"minecraft:spruce_planks":39,"minecraft:beef":3,"minecraft:stone_pickaxe":3,"minecraft:iron_nugget":16,"minecraft:sugar_cane":37,"minecraft:chest":1,"minecraft:oak_planks":144,"minecraft:stone_hoe":1,"minecraft:furnace":1,"minecraft:raw_iron":20,"minecraft:stick":8,"minecraft:torch":7,"minecraft:dandelion":1,"minecraft:porkchop":23,"minecraft:spruce_sapling":4,"minecraft:spruce_log":6,"minecraft:spider_eye":1,"minecraft:arrow":10,"minecraft:rotten_flesh":8,"minecraft:stone_axe":3,"minecraft:hay_block":24,"minecraft:bone_meal":3,"minecraft:oak_sapling":10,"minecraft:mutton":3,"minecraft:coal":61,"minecraft:white_wool":1,"minecraft:cobblestone":109}},"DataVersion":2975}