{"stats":{"minecraft:used":{"minecraft:oak_log":4},"minecraft:picked_up":{"minecraft:oak_log":4,"minecraft:wheat_seeds":1},"minecraft:custom":{"minecraft:jump":6,"minecraft:time_since_rest":1329,"minecraft:leave_game":1,"minecraft:crouch_one_cm":258,"minecraft:sprint_one_cm":3614,"minecraft:play_time":1329,"minecraft:damage_taken":10,"minecraft:time_since_death":1329,"minecraft:walk_one_cm":2077,"minecraft:sneak_time":35,"minecraft:total_world_time":1329,"minecraft:fall_one_cm":335,"minecraft:fly_one_cm":1628},"minecraft:mined":{"minecraft:grass":6,"minecraft:oak_log":4}},"DataVersion":2975}