{"stats":{"minecraft:dropped":{"minecraft:wheat_seeds":1,"minecraft:crafting_table":1,"minecraft:cooked_porkchop":6,"minecraft:wheat":2,"minecraft:golden_axe":1,"minecraft:rotten_flesh":2,"minecraft:stick":6,"minecraft:dirt":10,"minecraft:hay_block":2,"minecraft:spruce_planks":1,"minecraft:mutton":3,"minecraft:oak_sapling":5,"minecraft:arrow":2},"minecraft:broken":{"minecraft:stone_pickaxe":1},"minecraft:custom":{"minecraft:interact_with_furnace":19,"minecraft:mob_kills":40,"minecraft:interact_with_crafting_table":19,"minecraft:open_barrel":1,"minecraft:leave_game":5,"minecraft:time_since_death":1368,"minecraft:sleep_in_bed":2,"minecraft:time_since_rest":1401,"minecraft:sprint_one_cm":360007,"minecraft:damage_taken":2505,"minecraft:walk_one_cm":162483,"minecraft:drop":23,"minecraft:damage_dealt":6195,"minecraft:swim_one_cm":12172,"minecraft:fly_one_cm":335868,"minecraft:open_chest":4,"minecraft:crouch_one_cm":22311,"minecraft:play_time":87154,"minecraft:deaths":4,"minecraft:sneak_time":7217,"minecraft:walk_under_water_one_cm":3620,"minecraft:jump":1733,"minecraft:walk_on_water_one_cm":6985,"minecraft:total_world_time":87154,"minecraft:fall_one_cm":50800},"minecraft:used":{"minecraft:wheat_seeds":4,"minecraft:water_bucket":4,"minecraft:stone_sword":117,"minecraft:flint_and_steel":1,"minecraft:stone_pickaxe":130,"minecraft:spruce_planks":2,"minecraft:wooden_pickaxe":4,"minecraft:sugar_cane":7,"minecraft:stone_hoe":28,"minecraft:rotten_flesh":5,"minecraft:torch":23,"minecraft:dirt":78,"minecraft:crafting_table":6,"minecraft:lava_bucket":11,"minecraft:bread":26,"minecraft:iron_pickaxe":31,"minecraft:stone_axe":76,"minecraft:fishing_rod":2,"minecraft:cobblestone":32,"minecraft:bow":3,"minecraft:hay_block":7,"minecraft:furnace":2,"minecraft:cooked_porkchop":5,"minecraft:bucket":15,"minecraft:golden_axe":1,"minecraft:cobbled_deepslate":21,"minecraft:bone_meal":6},"minecraft:killed_by":{"minecraft:skeleton":1},"minecraft:mined":{"minecraft:dandelion":1,"minecraft:crafting_table":2,"minecraft:torch":4,"minecraft:grass_block":10,"minecraft:chest":1,"minecraft:tall_grass":2,"minecraft:sugar_cane":9,"minecraft:wall_torch":6,"minecraft:hay_block":25,"minecraft:furnace":2,"minecraft:iron_ore":21,"minecraft:wheat":3,"minecraft:spruce_log":6,"minecraft:andesite":4,"minecraft:grass":53,"minecraft:oak_log":16,"minecraft:coal_ore":14,"minecraft:dirt":81,"minecraft:stone":51,"minecraft:oak_leaves":4,"minecraft:deepslate":35},"minecraft:killed":{"minecraft:pig":12,"minecraft:zombie_villager":1,"minecraft:spider":3,"minecraft:creeper":2,"minecraft:skeleton":6,"minecraft:sheep":2,"minecraft:zombie":11,"minecraft:cow":2},"minecraft:crafted":{"minecraft:oak_planks":64,"minecraft:fishing_rod":1,"minecraft:cooked_porkchop":18,"minecraft:crafting_table":4,"minecraft:spruce_planks":24,"minecraft:wooden_pickaxe":1,"minecraft:furnace":1,"minecraft:bone_meal":9,"minecraft:bucket":3,"minecraft:stone_axe":1,"minecraft:bread":27,"minecraft:air":0,"minecraft:flint_and_steel":1,"minecraft:stick":28,"minecraft:iron_ingot":12,"minecraft:iron_pickaxe":1,"minecraft:stone_pickaxe":1,"minecraft:stone_sword":1,"minecraft:torch":32,"minecraft:stone_hoe":1,"minecraft:wheat":144},"minecraft:picked_up":{"minecraft:crafting_table":3,"minecraft:wheat":6,"minecraft:andesite":8,"minecraft:brown_wool":1,"minecraft:leather":2,"minecraft:wooden_pickaxe":3,"minecraft:flint":5,"minecraft:oak_log":20,"minecraft:dirt":112,"minecraft:string":4,"minecraft:bone":13,"minecraft:bow":1,"minecraft:wheat_seeds":19,"minecraft:cobbled_deepslate":33,"minecraft:spruce_planks":39,"minecraft:iron_ingot":1,"minecraft:beef":3,"minecraft:stone_pickaxe":3,"minecraft:iron_nugget":16,"minecraft:sugar_cane":37,"minecraft:chest":1,"minecraft:stone_hoe":1,"minecraft:oak_planks":144,"minecraft:furnace":2,"minecraft:stick":8,"minecraft:raw_iron":21,"minecraft:torch":8,"minecraft:dandelion":1,"minecraft:porkchop":23,"minecraft:spruce_sapling":4,"minecraft:spruce_log":6,"minecraft:spider_eye":1,"minecraft:arrow":10,"minecraft:rotten_flesh":9,"minecraft:stone_axe":3,"minecraft:hay_block":25,"minecraft:bone_meal":3,"minecraft:oak_sapling":10,"minecraft:mutton":3,"minecraft:coal":61,"minecraft:white_wool":1,"minecraft:cobblestone":109}},"DataVersion":2975}