{"stats":{"minecraft:killed":{"minecraft:pig":1,"minecraft:iron_golem":1,"minecraft:villager":1,"minecraft:cow":1},"minecraft:used":{"minecraft:netherite_sword":5,"minecraft:apple":3,"minecraft:grass_block":1,"minecraft:oak_stairs":1,"minecraft:stone":78,"minecraft:iron_sword":18,"minecraft:dirt":18,"minecraft:cobblestone":2,"minecraft:obsidian":11},"minecraft:custom":{"minecraft:time_since_rest":14046,"minecraft:interact_with_smithing_table":1,"minecraft:sprint_one_cm":40355,"minecraft:walk_one_cm":22849,"minecraft:damage_taken":30,"minecraft:mob_kills":4,"minecraft:damage_dealt":1330,"minecraft:traded_with_villager":84,"minecraft:swim_one_cm":520,"minecraft:talked_to_villager":14,"minecraft:fly_one_cm":307833,"minecraft:open_chest":1,"minecraft:crouch_one_cm":911,"minecraft:play_time":24804,"minecraft:sneak_time":784,"minecraft:walk_under_water_one_cm":91,"minecraft:jump":302,"minecraft:interact_with_stonecutter":1,"minecraft:leave_game":3,"minecraft:time_since_death":24804,"minecraft:walk_on_water_one_cm":34,"minecraft:sleep_in_bed":2,"minecraft:climb_one_cm":224,"minecraft:total_world_time":24804,"minecraft:fall_one_cm":9144,"minecraft:horse_one_cm":3053},"minecraft:picked_up":{"minecraft:book":43,"minecraft:leather":2,"minecraft:porkchop":1,"minecraft:dirt":7,"minecraft:wheat_seeds":3,"minecraft:iron_ingot":4,"minecraft:beef":2,"minecraft:poppy":1,"minecraft:ender_pearl":1},"minecraft:mined":{"minecraft:grass":51,"minecraft:grass_block":4,"minecraft:dirt":3,"minecraft:tall_grass":4},"minecraft:crafted":{"minecraft:glass":48,"minecraft:lantern":12,"minecraft:emerald":12,"minecraft:bookshelf":12,"minecraft:enchanted_book":36,"minecraft:air":0}},"DataVersion":2975}