{"stats":{"minecraft:dropped":{"minecraft:crafting_table":1,"minecraft:cooked_porkchop":6,"minecraft:wheat":2,"minecraft:dirt":10},"minecraft:custom":{"minecraft:interact_with_furnace":14,"minecraft:mob_kills":34,"minecraft:interact_with_crafting_table":16,"minecraft:open_barrel":1,"minecraft:leave_game":3,"minecraft:time_since_death":22035,"minecraft:time_since_rest":22066,"minecraft:sprint_one_cm":269632,"minecraft:damage_taken":1370,"minecraft:walk_one_cm":124229,"minecraft:drop":5,"minecraft:damage_dealt":5013,"minecraft:swim_one_cm":9749,"minecraft:fly_one_cm":231954,"minecraft:open_chest":2,"minecraft:crouch_one_cm":10884,"minecraft:play_time":64360,"minecraft:deaths":3,"minecraft:sneak_time":3939,"minecraft:walk_under_water_one_cm":1749,"minecraft:jump":1218,"minecraft:walk_on_water_one_cm":4186,"minecraft:total_world_time":64360,"minecraft:fall_one_cm":28823},"minecraft:used":{"minecraft:wheat_seeds":4,"minecraft:stone_sword":85,"minecraft:stone_pickaxe":83,"minecraft:spruce_planks":2,"minecraft:wooden_pickaxe":4,"minecraft:sugar_cane":7,"minecraft:stone_hoe":18,"minecraft:rotten_flesh":5,"minecraft:dirt":78,"minecraft:crafting_table":4,"minecraft:bread":6,"minecraft:stone_axe":76,"minecraft:fishing_rod":2,"minecraft:cobblestone":16,"minecraft:bow":3,"minecraft:furnace":1,"minecraft:cooked_porkchop":5,"minecraft:bone_meal":6},"minecraft:killed_by":{"minecraft:skeleton":1},"minecraft:mined":{"minecraft:dandelion":1,"minecraft:crafting_table":2,"minecraft:grass_block":10,"minecraft:tall_grass":1,"minecraft:sugar_cane":9,"minecraft:hay_block":16,"minecraft:furnace":1,"minecraft:wheat":3,"minecraft:spruce_log":6,"minecraft:andesite":4,"minecraft:grass":51,"minecraft:coal_ore":14,"minecraft:oak_log":16,"minecraft:dirt":81,"minecraft:stone":34,"minecraft:oak_leaves":4},"minecraft:killed":{"minecraft:pig":12,"minecraft:zombie_villager":1,"minecraft:spider":3,"minecraft:creeper":2,"minecraft:sheep":2,"minecraft:skeleton":5,"minecraft:zombie":7,"minecraft:cow":2},"minecraft:crafted":{"minecraft:oak_planks":64,"minecraft:fishing_rod":1,"minecraft:cooked_porkchop":18,"minecraft:crafting_table":2,"minecraft:spruce_planks":24,"minecraft:wooden_pickaxe":1,"minecraft:furnace":1,"minecraft:bone_meal":9,"minecraft:stone_axe":1,"minecraft:bread":27,"minecraft:air":0,"minecraft:stick":12,"minecraft:stone_pickaxe":1,"minecraft:stone_sword":1,"minecraft:stone_hoe":1,"minecraft:wheat":144},"minecraft:picked_up":{"minecraft:crafting_table":3,"minecraft:wheat":6,"minecraft:andesite":8,"minecraft:leather":2,"minecraft:brown_wool":1,"minecraft:wooden_pickaxe":3,"minecraft:oak_log":20,"minecraft:string":4,"minecraft:dirt":112,"minecraft:bone":12,"minecraft:bow":1,"minecraft:wheat_seeds":18,"minecraft:spruce_planks":39,"minecraft:beef":3,"minecraft:stone_pickaxe":3,"minecraft:sugar_cane":37,"minecraft:oak_planks":144,"minecraft:stone_hoe":1,"minecraft:furnace":1,"minecraft:stick":8,"minecraft:dandelion":1,"minecraft:porkchop":23,"minecraft:spruce_sapling":4,"minecraft:spruce_log":6,"minecraft:spider_eye":1,"minecraft:arrow":8,"minecraft:rotten_flesh":7,"minecraft:stone_axe":3,"minecraft:hay_block":16,"minecraft:bone_meal":3,"minecraft:oak_sapling":10,"minecraft:mutton":3,"minecraft:coal":61,"minecraft:white_wool":1,"minecraft:cobblestone":90}},"DataVersion":2975}