{"stats":{"minecraft:custom":{"minecraft:time_since_rest":35161,"minecraft:crouch_one_cm":69,"minecraft:play_time":35161,"minecraft:sprint_one_cm":9877,"minecraft:walk_one_cm":6736,"minecraft:sneak_time":151,"minecraft:jump":27,"minecraft:time_since_death":35161,"minecraft:total_world_time":35161,"minecraft:interact_with_crafting_table":2,"minecraft:fall_one_cm":476,"minecraft:fly_one_cm":2785},"minecraft:used":{"minecraft:stone_axe":13,"minecraft:dirt":11,"minecraft:crafting_table":1,"minecraft:wooden_pickaxe":12},"minecraft:mined":{"minecraft:grass_block":1,"minecraft:oak_log":16,"minecraft:dirt":9,"minecraft:stone":7,"minecraft:crafting_table":1,"minecraft:oak_leaves":2},"minecraft:crafted":{"minecraft:oak_planks":64,"minecraft:stone_axe":1,"minecraft:crafting_table":1,"minecraft:stick":8,"minecraft:stone_pickaxe":1,"minecraft:wooden_pickaxe":1},"minecraft:picked_up":{"minecraft:stick":2,"minecraft:crafting_table":1,"minecraft:oak_log":16,"minecraft:oak_sapling":2,"minecraft:dirt":12,"minecraft:cobblestone":7}},"DataVersion":2975}