{"stats":{"minecraft:dropped":{"minecraft:oak_sapling":2,"minecraft:bone":1},"minecraft:custom":{"minecraft:interact_with_furnace":10,"minecraft:mob_kills":19,"minecraft:interact_with_crafting_table":16,"minecraft:leave_game":3,"minecraft:time_since_death":27162,"minecraft:sleep_in_bed":2,"minecraft:time_since_rest":27190,"minecraft:sprint_one_cm":253535,"minecraft:damage_taken":2238,"minecraft:walk_one_cm":120287,"minecraft:drop":2,"minecraft:damage_dealt":2942,"minecraft:swim_one_cm":5864,"minecraft:talked_to_villager":1,"minecraft:fly_one_cm":187873,"minecraft:open_chest":1,"minecraft:crouch_one_cm":20395,"minecraft:play_time":117523,"minecraft:deaths":5,"minecraft:sneak_time":7263,"minecraft:walk_under_water_one_cm":1186,"minecraft:jump":1385,"minecraft:interact_with_brewingstand":1,"minecraft:walk_on_water_one_cm":2501,"minecraft:total_world_time":117523,"minecraft:fall_one_cm":37320},"minecraft:used":{"minecraft:stone_pickaxe":170,"minecraft:oak_planks":7,"minecraft:wooden_pickaxe":24,"minecraft:dirt":37,"minecraft:mutton":3,"minecraft:crafting_table":7,"minecraft:diamond_pickaxe":127,"minecraft:apple":1,"minecraft:bread":6,"minecraft:iron_pickaxe":68,"minecraft:stone_axe":71,"minecraft:cobblestone":39,"minecraft:porkchop":6,"minecraft:furnace":2,"minecraft:cooked_porkchop":6,"minecraft:cooked_beef":2,"minecraft:potato":1,"minecraft:cobbled_deepslate":1},"minecraft:killed_by":{"minecraft:skeleton":2,"minecraft:zombie":1,"minecraft:iron_golem":1},"minecraft:mined":{"minecraft:diamond_ore":8,"minecraft:deepslate_diamond_ore":14,"minecraft:dandelion":1,"minecraft:crafting_table":4,"minecraft:granite":9,"minecraft:grass_block":7,"minecraft:poppy":3,"minecraft:tall_grass":4,"minecraft:cobblestone":1,"minecraft:spruce_leaves":1,"minecraft:hay_block":8,"minecraft:furnace":1,"minecraft:iron_ore":9,"minecraft:spruce_log":12,"minecraft:andesite":41,"minecraft:grass":12,"minecraft:oak_log":19,"minecraft:coal_ore":6,"minecraft:gravel":3,"minecraft:dirt":23,"minecraft:stone":173,"minecraft:deepslate":108,"minecraft:oak_leaves":11},"minecraft:killed":{"minecraft:pig":8,"minecraft:sheep":3,"minecraft:skeleton":3,"minecraft:zombie":3,"minecraft:cow":1},"minecraft:crafted":{"minecraft:cooked_beef":2,"minecraft:oak_planks":76,"minecraft:crafting_table":4,"minecraft:spruce_planks":48,"minecraft:wooden_pickaxe":1,"minecraft:furnace":2,"minecraft:stone_axe":2,"minecraft:bread":21,"minecraft:air":0,"minecraft:diamond_pickaxe":1,"minecraft:shield":1,"minecraft:stick":20,"minecraft:iron_ingot":4,"minecraft:iron_pickaxe":1,"minecraft:stone_pickaxe":2,"minecraft:diamond_boots":1,"minecraft:wheat":72},"minecraft:picked_up":{"minecraft:crafting_table":8,"minecraft:andesite":41,"minecraft:leather":6,"minecraft:wooden_pickaxe":4,"minecraft:potato":2,"minecraft:oak_log":19,"minecraft:dirt":42,"minecraft:bone":3,"minecraft:apple":4,"minecraft:wheat_seeds":2,"minecraft:cobbled_deepslate":106,"minecraft:stone_pickaxe":4,"minecraft:beef":2,"minecraft:poppy":4,"minecraft:oak_planks":188,"minecraft:furnace":2,"minecraft:raw_iron":9,"minecraft:stick":10,"minecraft:cooked_porkchop":13,"minecraft:dandelion":3,"minecraft:gravel":2,"minecraft:porkchop":12,"minecraft:golden_axe":1,"minecraft:spruce_log":12,"minecraft:arrow":26,"minecraft:diamond":22,"minecraft:stone_axe":4,"minecraft:hay_block":8,"minecraft:granite":9,"minecraft:oak_sapling":4,"minecraft:cobblestone":202,"minecraft:mutton":7,"minecraft:coal":12,"minecraft:white_wool":4}},"DataVersion":2975}