{"stats":{"minecraft:dropped":{"minecraft:oak_sapling":2,"minecraft:bone":1},"minecraft:custom":{"minecraft:interact_with_furnace":5,"minecraft:mob_kills":11,"minecraft:interact_with_crafting_table":6,"minecraft:leave_game":3,"minecraft:time_since_death":3162,"minecraft:sleep_in_bed":2,"minecraft:time_since_rest":3190,"minecraft:sprint_one_cm":215356,"minecraft:damage_taken":2138,"minecraft:walk_one_cm":76159,"minecraft:drop":2,"minecraft:damage_dealt":2162,"minecraft:swim_one_cm":5864,"minecraft:talked_to_villager":1,"minecraft:fly_one_cm":170440,"minecraft:open_chest":1,"minecraft:crouch_one_cm":10473,"minecraft:play_time":93523,"minecraft:deaths":5,"minecraft:sneak_time":2600,"minecraft:walk_under_water_one_cm":868,"minecraft:jump":1097,"minecraft:interact_with_brewingstand":1,"minecraft:walk_on_water_one_cm":1980,"minecraft:total_world_time":93523,"minecraft:fall_one_cm":31022},"minecraft:used":{"minecraft:stone_pickaxe":51,"minecraft:oak_planks":7,"minecraft:wooden_pickaxe":18,"minecraft:dirt":26,"minecraft:mutton":1,"minecraft:crafting_table":3,"minecraft:apple":1,"minecraft:bread":6,"minecraft:stone_axe":44,"minecraft:cobblestone":36,"minecraft:furnace":1,"minecraft:cooked_porkchop":6,"minecraft:cooked_beef":2,"minecraft:potato":1},"minecraft:killed_by":{"minecraft:skeleton":2,"minecraft:zombie":1,"minecraft:iron_golem":1},"minecraft:mined":{"minecraft:dandelion":1,"minecraft:crafting_table":2,"minecraft:grass_block":2,"minecraft:poppy":3,"minecraft:tall_grass":4,"minecraft:cobblestone":1,"minecraft:hay_block":8,"minecraft:furnace":1,"minecraft:grass":9,"minecraft:oak_log":16,"minecraft:coal_ore":3,"minecraft:dirt":12,"minecraft:stone":55,"minecraft:oak_leaves":7},"minecraft:killed":{"minecraft:pig":1,"minecraft:sheep":2,"minecraft:skeleton":3,"minecraft:zombie":3,"minecraft:cow":1},"minecraft:crafted":{"minecraft:cooked_beef":2,"minecraft:oak_planks":64,"minecraft:crafting_table":1,"minecraft:wooden_pickaxe":1,"minecraft:furnace":1,"minecraft:stone_axe":1,"minecraft:bread":21,"minecraft:air":0,"minecraft:stick":8,"minecraft:stone_pickaxe":1,"minecraft:wheat":72},"minecraft:picked_up":{"minecraft:crafting_table":6,"minecraft:leather":6,"minecraft:wooden_pickaxe":4,"minecraft:potato":2,"minecraft:oak_log":16,"minecraft:dirt":26,"minecraft:bone":3,"minecraft:apple":4,"minecraft:wheat_seeds":2,"minecraft:stone_pickaxe":4,"minecraft:beef":2,"minecraft:poppy":4,"minecraft:oak_planks":188,"minecraft:furnace":2,"minecraft:stick":10,"minecraft:cooked_porkchop":13,"minecraft:dandelion":3,"minecraft:porkchop":6,"minecraft:golden_axe":1,"minecraft:arrow":26,"minecraft:stone_axe":4,"minecraft:hay_block":8,"minecraft:oak_sapling":4,"minecraft:cobblestone":85,"minecraft:mutton":5,"minecraft:coal":9,"minecraft:white_wool":3}},"DataVersion":2975}