{"stats":{"minecraft:custom":{"minecraft:time_since_rest":81,"minecraft:deaths":1,"minecraft:crouch_one_cm":220,"minecraft:play_time":57920,"minecraft:sprint_one_cm":17643,"minecraft:damage_taken":220,"minecraft:walk_one_cm":10386,"minecraft:sneak_time":308,"minecraft:jump":64,"minecraft:damage_dealt":136,"minecraft:leave_game":1,"minecraft:time_since_death":0,"minecraft:total_world_time":57920,"minecraft:interact_with_crafting_table":2,"minecraft:fall_one_cm":476,"minecraft:fly_one_cm":10017},"minecraft:used":{"minecraft:stone_axe":15,"minecraft:dirt":16,"minecraft:crafting_table":1,"minecraft:stone_pickaxe":9,"minecraft:wooden_pickaxe":12},"minecraft:killed_by":{"minecraft:skeleton":1},"minecraft:mined":{"minecraft:grass_block":2,"minecraft:oak_log":16,"minecraft:dirt":12,"minecraft:stone":13,"minecraft:oak_leaves":2,"minecraft:crafting_table":1},"minecraft:crafted":{"minecraft:oak_planks":64,"minecraft:stone_axe":1,"minecraft:crafting_table":1,"minecraft:stick":8,"minecraft:stone_pickaxe":1,"minecraft:wooden_pickaxe":1},"minecraft:picked_up":{"minecraft:crafting_table":1,"minecraft:stick":2,"minecraft:oak_log":16,"minecraft:oak_sapling":2,"minecraft:dirt":16,"minecraft:cobblestone":12}},"DataVersion":2975}