{"stats":{"minecraft:dropped":{"minecraft:oak_sapling":2,"minecraft:bone":1},"minecraft:custom":{"minecraft:time_since_rest":6843,"minecraft:interact_with_furnace":5,"minecraft:sprint_one_cm":147019,"minecraft:damage_taken":1228,"minecraft:walk_one_cm":59476,"minecraft:mob_kills":9,"minecraft:drop":2,"minecraft:damage_dealt":1992,"minecraft:talked_to_villager":1,"minecraft:swim_one_cm":3217,"minecraft:interact_with_crafting_table":5,"minecraft:fly_one_cm":117700,"minecraft:open_chest":1,"minecraft:crouch_one_cm":7045,"minecraft:play_time":81680,"minecraft:deaths":3,"minecraft:sneak_time":1592,"minecraft:walk_under_water_one_cm":670,"minecraft:jump":731,"minecraft:interact_with_brewingstand":1,"minecraft:leave_game":2,"minecraft:walk_on_water_one_cm":1457,"minecraft:time_since_death":6812,"minecraft:total_world_time":81680,"minecraft:fall_one_cm":14474},"minecraft:used":{"minecraft:bread":3,"minecraft:stone_pickaxe":51,"minecraft:oak_planks":2,"minecraft:wooden_pickaxe":13,"minecraft:stone_axe":43,"minecraft:dirt":26,"minecraft:cobblestone":36,"minecraft:crafting_table":2,"minecraft:furnace":1,"minecraft:cooked_porkchop":3,"minecraft:potato":1,"minecraft:cooked_beef":2},"minecraft:killed_by":{"minecraft:iron_golem":1,"minecraft:skeleton":2},"minecraft:mined":{"minecraft:furnace":1,"minecraft:dandelion":1,"minecraft:crafting_table":2,"minecraft:poppy":3,"minecraft:grass":4,"minecraft:coal_ore":3,"minecraft:grass_block":2,"minecraft:oak_log":16,"minecraft:dirt":12,"minecraft:tall_grass":4,"minecraft:cobblestone":1,"minecraft:stone":50,"minecraft:oak_leaves":2},"minecraft:killed":{"minecraft:sheep":1,"minecraft:skeleton":3,"minecraft:zombie":2,"minecraft:pig":1,"minecraft:cow":1},"minecraft:crafted":{"minecraft:cooked_beef":2,"minecraft:oak_planks":64,"minecraft:crafting_table":1,"minecraft:stick":8,"minecraft:wooden_pickaxe":1,"minecraft:stone_pickaxe":1,"minecraft:furnace":1,"minecraft:stone_axe":1,"minecraft:air":0},"minecraft:picked_up":{"minecraft:crafting_table":5,"minecraft:stick":10,"minecraft:cooked_porkchop":11,"minecraft:leather":4,"minecraft:dandelion":2,"minecraft:wooden_pickaxe":3,"minecraft:porkchop":4,"minecraft:oak_log":16,"minecraft:dirt":26,"minecraft:arrow":17,"minecraft:bone":3,"minecraft:stone_axe":3,"minecraft:beef":2,"minecraft:stone_pickaxe":3,"minecraft:poppy":2,"minecraft:oak_sapling":4,"minecraft:mutton":2,"minecraft:coal":6,"minecraft:oak_planks":162,"minecraft:white_wool":1,"minecraft:cobblestone":79,"minecraft:furnace":2}},"DataVersion":2975}