{"stats":{"minecraft:dropped":{"minecraft:oak_sapling":2,"minecraft:bone":1},"minecraft:custom":{"minecraft:time_since_rest":8232,"minecraft:interact_with_furnace":5,"minecraft:sprint_one_cm":64962,"minecraft:damage_taken":640,"minecraft:walk_one_cm":44316,"minecraft:mob_kills":6,"minecraft:drop":2,"minecraft:damage_dealt":1361,"minecraft:interact_with_crafting_table":5,"minecraft:fly_one_cm":33202,"minecraft:crouch_one_cm":6392,"minecraft:play_time":69680,"minecraft:deaths":2,"minecraft:sneak_time":1362,"minecraft:jump":249,"minecraft:leave_game":2,"minecraft:time_since_death":8186,"minecraft:total_world_time":69680,"minecraft:fall_one_cm":2125},"minecraft:used":{"minecraft:stone_pickaxe":47,"minecraft:wooden_pickaxe":13,"minecraft:stone_axe":31,"minecraft:dirt":16,"minecraft:cobblestone":5,"minecraft:crafting_table":2,"minecraft:furnace":1,"minecraft:cooked_beef":1},"minecraft:killed_by":{"minecraft:skeleton":2},"minecraft:mined":{"minecraft:furnace":1,"minecraft:crafting_table":2,"minecraft:grass":1,"minecraft:grass_block":2,"minecraft:oak_log":16,"minecraft:dirt":12,"minecraft:cobblestone":1,"minecraft:stone":49,"minecraft:oak_leaves":2},"minecraft:killed":{"minecraft:skeleton":3,"minecraft:zombie":1,"minecraft:cow":1},"minecraft:crafted":{"minecraft:cooked_beef":2,"minecraft:oak_planks":64,"minecraft:crafting_table":1,"minecraft:stick":8,"minecraft:wooden_pickaxe":1,"minecraft:stone_pickaxe":1,"minecraft:furnace":1,"minecraft:stone_axe":1,"minecraft:air":0},"minecraft:picked_up":{"minecraft:crafting_table":4,"minecraft:stick":10,"minecraft:cooked_porkchop":6,"minecraft:leather":2,"minecraft:wooden_pickaxe":2,"minecraft:oak_log":16,"minecraft:dirt":16,"minecraft:arrow":10,"minecraft:bone":3,"minecraft:stone_axe":2,"minecraft:beef":2,"minecraft:stone_pickaxe":2,"minecraft:oak_sapling":4,"minecraft:oak_planks":134,"minecraft:cobblestone":61,"minecraft:furnace":1}},"DataVersion":2975}