{"stats":{"minecraft:custom":{"minecraft:time_since_rest":11161,"minecraft:crouch_one_cm":59,"minecraft:play_time":11161,"minecraft:sprint_one_cm":4794,"minecraft:walk_one_cm":3570,"minecraft:sneak_time":103,"minecraft:jump":16,"minecraft:time_since_death":11161,"minecraft:total_world_time":11161,"minecraft:interact_with_crafting_table":2,"minecraft:fall_one_cm":476,"minecraft:fly_one_cm":1528},"minecraft:used":{"minecraft:stone_axe":8,"minecraft:dirt":5,"minecraft:crafting_table":1,"minecraft:wooden_pickaxe":12},"minecraft:mined":{"minecraft:grass_block":1,"minecraft:oak_log":11,"minecraft:dirt":4,"minecraft:stone":7,"minecraft:crafting_table":1,"minecraft:oak_leaves":2},"minecraft:crafted":{"minecraft:oak_planks":44,"minecraft:stone_axe":1,"minecraft:crafting_table":1,"minecraft:stick":8,"minecraft:stone_pickaxe":1,"minecraft:wooden_pickaxe":1},"minecraft:picked_up":{"minecraft:crafting_table":1,"minecraft:oak_log":11,"minecraft:dirt":7,"minecraft:cobblestone":7}},"DataVersion":2975}