{"stats":{"minecraft:dropped":{"minecraft:oak_sapling":2,"minecraft:bone":1},"minecraft:custom":{"minecraft:interact_with_furnace":5,"minecraft:mob_kills":19,"minecraft:interact_with_crafting_table":8,"minecraft:leave_game":3,"minecraft:time_since_death":15162,"minecraft:sleep_in_bed":2,"minecraft:time_since_rest":15190,"minecraft:sprint_one_cm":251531,"minecraft:damage_taken":2198,"minecraft:walk_one_cm":109342,"minecraft:drop":2,"minecraft:damage_dealt":2942,"minecraft:swim_one_cm":5864,"minecraft:talked_to_villager":1,"minecraft:fly_one_cm":187631,"minecraft:open_chest":1,"minecraft:crouch_one_cm":14018,"minecraft:play_time":105523,"minecraft:deaths":5,"minecraft:sneak_time":4312,"minecraft:walk_under_water_one_cm":868,"minecraft:jump":1337,"minecraft:interact_with_brewingstand":1,"minecraft:walk_on_water_one_cm":1980,"minecraft:total_world_time":105523,"minecraft:fall_one_cm":36501},"minecraft:used":{"minecraft:stone_pickaxe":107,"minecraft:oak_planks":7,"minecraft:wooden_pickaxe":24,"minecraft:dirt":35,"minecraft:mutton":3,"minecraft:crafting_table":5,"minecraft:apple":1,"minecraft:bread":6,"minecraft:stone_axe":70,"minecraft:cobblestone":39,"minecraft:porkchop":5,"minecraft:furnace":1,"minecraft:cooked_porkchop":6,"minecraft:cooked_beef":2,"minecraft:potato":1},"minecraft:killed_by":{"minecraft:skeleton":2,"minecraft:zombie":1,"minecraft:iron_golem":1},"minecraft:mined":{"minecraft:dandelion":1,"minecraft:crafting_table":3,"minecraft:grass_block":7,"minecraft:poppy":3,"minecraft:tall_grass":4,"minecraft:cobblestone":1,"minecraft:spruce_leaves":1,"minecraft:hay_block":8,"minecraft:furnace":1,"minecraft:spruce_log":12,"minecraft:grass":12,"minecraft:oak_log":19,"minecraft:coal_ore":3,"minecraft:dirt":23,"minecraft:stone":110,"minecraft:oak_leaves":11},"minecraft:killed":{"minecraft:pig":8,"minecraft:sheep":3,"minecraft:skeleton":3,"minecraft:zombie":3,"minecraft:cow":1},"minecraft:crafted":{"minecraft:cooked_beef":2,"minecraft:oak_planks":76,"minecraft:crafting_table":3,"minecraft:spruce_planks":48,"minecraft:wooden_pickaxe":1,"minecraft:furnace":1,"minecraft:stone_axe":2,"minecraft:bread":21,"minecraft:air":0,"minecraft:stick":16,"minecraft:stone_pickaxe":2,"minecraft:wheat":72},"minecraft:picked_up":{"minecraft:crafting_table":7,"minecraft:leather":6,"minecraft:wooden_pickaxe":4,"minecraft:potato":2,"minecraft:oak_log":19,"minecraft:dirt":42,"minecraft:bone":3,"minecraft:apple":4,"minecraft:wheat_seeds":2,"minecraft:stone_pickaxe":4,"minecraft:beef":2,"minecraft:poppy":4,"minecraft:oak_planks":188,"minecraft:furnace":2,"minecraft:stick":10,"minecraft:cooked_porkchop":13,"minecraft:dandelion":3,"minecraft:porkchop":12,"minecraft:golden_axe":1,"minecraft:spruce_log":12,"minecraft:arrow":26,"minecraft:stone_axe":4,"minecraft:hay_block":8,"minecraft:oak_sapling":4,"minecraft:cobblestone":139,"minecraft:mutton":7,"minecraft:coal":9,"minecraft:white_wool":4}},"DataVersion":2975}