{"stats":{"minecraft:custom":{"minecraft:time_since_rest":52268,"minecraft:crouch_one_cm":220,"minecraft:play_time":52268,"minecraft:sprint_one_cm":9938,"minecraft:walk_one_cm":7231,"minecraft:sneak_time":226,"minecraft:jump":29,"minecraft:leave_game":1,"minecraft:time_since_death":52268,"minecraft:total_world_time":52268,"minecraft:interact_with_crafting_table":2,"minecraft:fall_one_cm":476,"minecraft:fly_one_cm":2785},"minecraft:used":{"minecraft:stone_axe":13,"minecraft:dirt":11,"minecraft:crafting_table":1,"minecraft:stone_pickaxe":6,"minecraft:wooden_pickaxe":12},"minecraft:mined":{"minecraft:grass_block":1,"minecraft:oak_log":16,"minecraft:dirt":9,"minecraft:stone":13,"minecraft:crafting_table":1,"minecraft:oak_leaves":2},"minecraft:crafted":{"minecraft:oak_planks":64,"minecraft:stone_axe":1,"minecraft:crafting_table":1,"minecraft:stick":8,"minecraft:stone_pickaxe":1,"minecraft:wooden_pickaxe":1},"minecraft:picked_up":{"minecraft:stick":2,"minecraft:crafting_table":1,"minecraft:oak_log":16,"minecraft:oak_sapling":2,"minecraft:dirt":12,"minecraft:cobblestone":12}},"DataVersion":2975}